,Denomination Count
A,1,2,3,4,5,6,7,8,9,10,11,12,13,14,15,16,17,18,19,20,21,22,23,24,25,26,27,28,29,30
100,0.00017595291137695312,0.00023508071899414062,0.00024700164794921875,0.0002789497375488281,0.00031185150146484375,0.00034308433532714844,0.00037217140197753906,0.0003910064697265625,0.0004038810729980469,0.0004057884216308594,0.0004258155822753906,0.0004248619079589844,0.00043201446533203125,0.0004458427429199219,0.00045180320739746094,0.0004639625549316406,0.00047707557678222656,0.0004799365997314453,0.0005171298980712891,0.0005140304565429688,0.0005171298980712891,0.0005350112915039062,0.0005509853363037109,0.0005440711975097656,0.0005719661712646484,0.0005578994750976562,0.0005731582641601562,0.0005819797515869141,0.0005872249603271484,0.0006108283996582031
200,0.00034689903259277344,0.0004401206970214844,0.0004889965057373047,0.0005660057067871094,0.0006380081176757812,0.0007069110870361328,0.0007531642913818359,0.0008080005645751953,0.0008411407470703125,0.00090789794921875,0.0009381771087646484,0.0009760856628417969,0.0009970664978027344,0.00102996826171875,0.0010399818420410156,0.0010721683502197266,0.0010900497436523438,0.0011210441589355469,0.0011298656463623047,0.0011420249938964844,0.0011661052703857422,0.0011839866638183594,0.0012030601501464844,0.0012371540069580078,0.0012500286102294922,0.001260995864868164,0.0012769699096679688,0.0013048648834228516,0.0013151168823242188,0.0013279914855957031
300,0.0005309581756591797,0.0006499290466308594,0.0007460117340087891,0.0008528232574462891,0.000949859619140625,0.0010759830474853516,0.0011470317840576172,0.0012481212615966797,0.0013189315795898438,0.0014009475708007812,0.0014560222625732422,0.0015609264373779297,0.0016121864318847656,0.0016629695892333984,0.001692056655883789,0.0017619132995605469,0.0017879009246826172,0.0018172264099121094,0.0018749237060546875,0.0018839836120605469,0.001912832260131836,0.0019478797912597656,0.0019872188568115234,0.002023935317993164,0.0020520687103271484,0.0020570755004882812,0.0020830631256103516,0.002103090286254883,0.0021419525146484375,0.002179861068725586
400,0.0007128715515136719,0.000865936279296875,0.0010180473327636719,0.001157999038696289,0.0012972354888916016,0.0014579296112060547,0.0015561580657958984,0.0016989707946777344,0.001806020736694336,0.0019309520721435547,0.002003908157348633,0.0021500587463378906,0.0022270679473876953,0.002338886260986328,0.0023839473724365234,0.002504110336303711,0.0025620460510253906,0.0026149749755859375,0.0026760101318359375,0.0027201175689697266,0.0027561187744140625,0.0027980804443359375,0.0028438568115234375,0.0029108524322509766,0.002941131591796875,0.0029511451721191406,0.002997875213623047,0.0030400753021240234,0.0030820369720458984,0.003116130828857422
500,0.0009028911590576172,0.0010690689086914062,0.0012769699096679688,0.001447916030883789,0.0016200542449951172,0.0017991065979003906,0.0019469261169433594,0.0021109580993652344,0.0022420883178710938,0.002415895462036133,0.002526998519897461,0.0027010440826416016,0.0027871131896972656,0.0029489994049072266,0.003042936325073242,0.003186941146850586,0.0032901763916015625,0.0033788681030273438,0.0034699440002441406,0.0035331249237060547,0.003628969192504883,0.003662109375,0.0037250518798828125,0.0038051605224609375,0.0038499832153320312,0.0038700103759765625,0.0039081573486328125,0.003946065902709961,0.004011869430541992,0.004058837890625
600,0.001171112060546875,0.0013170242309570312,0.0015780925750732422,0.0017669200897216797,0.0019829273223876953,0.0022089481353759766,0.002377033233642578,0.002585887908935547,0.002730131149291992,0.0029480457305908203,0.0030951499938964844,0.003319978713989258,0.00345611572265625,0.003641843795776367,0.003744840621948242,0.003935098648071289,0.004091024398803711,0.00419306755065918,0.004352092742919922,0.004444122314453125,0.0045490264892578125,0.0046389102935791016,0.004704952239990234,0.004821062088012695,0.004873991012573242,0.004911899566650391,0.004962921142578125,0.005017995834350586,0.005089998245239258,0.0051479339599609375
700,0.0012798309326171875,0.0014958381652832031,0.0017850399017333984,0.0020308494567871094,0.0022499561309814453,0.002529144287109375,0.002744913101196289,0.002997875213623047,0.0031731128692626953,0.0034210681915283203,0.0036101341247558594,0.0038521289825439453,0.00400996208190918,0.00433802604675293,0.004406929016113281,0.004633903503417969,0.00477290153503418,0.00493621826171875,0.005096912384033203,0.005244016647338867,0.0053768157958984375,0.005527973175048828,0.005624055862426758,0.00574803352355957,0.005861043930053711,0.005888938903808594,0.0059888362884521484,0.006053924560546875,0.0061130523681640625,0.006167173385620117
800,0.0015299320220947266,0.001847982406616211,0.0021622180938720703,0.002424001693725586,0.002755880355834961,0.003020048141479492,0.003504037857055664,0.0035889148712158203,0.00380706787109375,0.0041120052337646484,0.004316091537475586,0.0045850276947021484,0.004817962646484375,0.005071163177490234,0.005249977111816406,0.005522012710571289,0.005721092224121094,0.005939006805419922,0.006134986877441406,0.006345033645629883,0.006502866744995117,0.006657838821411133,0.006846904754638672,0.007013082504272461,0.007158041000366211,0.0072460174560546875,0.007351875305175781,0.007413148880004883,0.007525920867919922,0.007630109786987305
900,0.0016968250274658203,0.002009868621826172,0.00238800048828125,0.0026748180389404297,0.002997159957885742,0.0033669471740722656,0.0036449432373046875,0.003937959671020508,0.0042688846588134766,0.004537105560302734,0.004848957061767578,0.005120992660522461,0.005352020263671875,0.005647897720336914,0.005908966064453125,0.00616908073425293,0.006386995315551758,0.006620883941650391,0.006875038146972656,0.007178068161010742,0.007311105728149414,0.0075070858001708984,0.007691860198974609,0.007886886596679688,0.008108139038085938,0.00822591781616211,0.008308887481689453,0.008453130722045898,0.008533000946044922,0.008690118789672852
1000,0.0018658638000488281,0.0022749900817871094,0.002710103988647461,0.0030469894409179688,0.0033910274505615234,0.003801107406616211,0.004140138626098633,0.004464864730834961,0.00471186637878418,0.0051081180572509766,0.0053899288177490234,0.005743980407714844,0.006042957305908203,0.006372928619384766,0.006627082824707031,0.006974935531616211,0.007252931594848633,0.007544040679931641,0.007851123809814453,0.008059978485107422,0.008311033248901367,0.008526802062988281,0.008816003799438477,0.009083032608032227,0.00925898551940918,0.009404897689819336,0.009541034698486328,0.009704113006591797,0.009874105453491211,0.009980916976928711
1100,0.0020580291748046875,0.0024521350860595703,0.002910137176513672,0.003287076950073242,0.003631114959716797,0.004103899002075195,0.004433870315551758,0.0048291683197021484,0.00518488883972168,0.005583047866821289,0.0058820247650146484,0.0062410831451416016,0.006562948226928711,0.0068988800048828125,0.007169008255004883,0.007574796676635742,0.007922887802124023,0.008173227310180664,0.008504867553710938,0.008777141571044922,0.009088993072509766,0.009367227554321289,0.009630918502807617,0.009900093078613281,0.010123968124389648,0.01187896728515625,0.010806083679199219,0.01096200942993164,0.01111912727355957,0.011469125747680664
1200,0.0022361278533935547,0.002766132354736328,0.0032339096069335938,0.003671884536743164,0.004049062728881836,0.004539012908935547,0.0048830509185791016,0.0053560733795166016,0.005676984786987305,0.0061550140380859375,0.006536960601806641,0.006982088088989258,0.00731205940246582,0.007703065872192383,0.00804901123046875,0.008375883102416992,0.00881195068359375,0.009132862091064453,0.009442806243896484,0.009760856628417969,0.010166168212890625,0.01047205924987793,0.010735034942626953,0.011061906814575195,0.011349916458129883,0.01158905029296875,0.011902809143066406,0.01205301284790039,0.012218952178955078,0.012492179870605469
1300,0.002440929412841797,0.0029571056365966797,0.0034580230712890625,0.003971099853515625,0.0043981075286865234,0.004916191101074219,0.005338907241821289,0.00583195686340332,0.00621795654296875,0.00669097900390625,0.0070569515228271484,0.007484912872314453,0.007843017578125,0.008328914642333984,0.00875997543334961,0.009132862091064453,0.00953221321105957,0.00987696647644043,0.010277986526489258,0.010658025741577148,0.011067867279052734,0.011322975158691406,0.011652946472167969,0.012051105499267578,0.012386083602905273,0.01259303092956543,0.012848138809204102,0.013132095336914062,0.013384103775024414,0.013618946075439453
1400,0.0026388168334960938,0.0031538009643554688,0.003702878952026367,0.00428318977355957,0.0047168731689453125,0.0052700042724609375,0.0057179927825927734,0.006226062774658203,0.006649971008300781,0.007163047790527344,0.007537126541137695,0.008090019226074219,0.008480072021484375,0.008993148803710938,0.009472846984863281,0.009879827499389648,0.010255813598632812,0.010666847229003906,0.011152029037475586,0.011502981185913086,0.012096881866455078,0.012462854385375977,0.012674808502197266,0.013103961944580078,0.01342010498046875,0.01367497444152832,0.013976097106933594,0.014297962188720703,0.014594793319702148,0.014983892440795898
1500,0.0028090476989746094,0.0034360885620117188,0.004071950912475586,0.00467991828918457,0.005185127258300781,0.005688905715942383,0.006208896636962891,0.006776094436645508,0.007241010665893555,0.00775599479675293,0.008246898651123047,0.00879216194152832,0.00925898551940918,0.00974893569946289,0.010217905044555664,0.010694026947021484,0.011166095733642578,0.01159811019897461,0.013538122177124023,0.012595891952514648,0.01311492919921875,0.013545036315917969,0.013898849487304688,0.015124797821044922,0.01505589485168457,0.015011072158813477,0.015607833862304688,0.015807151794433594,0.016093015670776367,0.01638007164001465
1600,0.0030939579010009766,0.0036270618438720703,0.004291057586669922,0.004892110824584961,0.0054149627685546875,0.006095170974731445,0.006701946258544922,0.0071980953216552734,0.007691144943237305,0.008344888687133789,0.008752822875976562,0.009366989135742188,0.010164976119995117,0.010421037673950195,0.010827064514160156,0.011630058288574219,0.012027978897094727,0.012359857559204102,0.013073921203613281,0.013365030288696289,0.013950109481811523,0.014252901077270508,0.014724969863891602,0.015201091766357422,0.015843868255615234,0.01593017578125,0.016434907913208008,0.016726016998291016,0.017096996307373047,0.01746201515197754
1700,0.0032570362091064453,0.0038881301879882812,0.0045359134674072266,0.005206108093261719,0.0057790279388427734,0.00644993782043457,0.007073879241943359,0.0076138973236083984,0.008173942565917969,0.008836030960083008,0.009376049041748047,0.00995016098022461,0.010616064071655273,0.011007070541381836,0.011603832244873047,0.01214289665222168,0.012675046920776367,0.013153076171875,0.01392984390258789,0.01418614387512207,0.01479196548461914,0.015189886093139648,0.015705108642578125,0.0162351131439209,0.01690983772277832,0.018459081649780273,0.01758289337158203,0.018004894256591797,0.018487930297851562,0.0189511775970459
1800,0.003468036651611328,0.004084110260009766,0.004871845245361328,0.005533933639526367,0.006120920181274414,0.006828784942626953,0.0075418949127197266,0.008097171783447266,0.008620977401733398,0.00938105583190918,0.009901046752929688,0.010486125946044922,0.011142969131469727,0.011685848236083984,0.012215137481689453,0.012883901596069336,0.013414859771728516,0.013982057571411133,0.014759063720703125,0.01513981819152832,0.015935897827148438,0.01608896255493164,0.016688823699951172,0.01728200912475586,0.017958879470825195,0.01812887191772461,0.0185699462890625,0.018980026245117188,0.019451141357421875,0.019912004470825195
1900,0.00360107421875,0.00427699089050293,0.005009174346923828,0.0058438777923583984,0.006438016891479492,0.007235050201416016,0.007998943328857422,0.008623123168945312,0.009248018264770508,0.009860038757324219,0.010497093200683594,0.01112508773803711,0.011832952499389648,0.012356042861938477,0.013035058975219727,0.01361703872680664,0.014198064804077148,0.014760017395019531,0.015520095825195312,0.01590704917907715,0.01662898063659668,0.01705789566040039,0.01759791374206543,0.018252134323120117,0.018965959548950195,0.01917719841003418,0.01968693733215332,0.020109891891479492,0.020621061325073242,0.021106958389282227
2000,0.0037429332733154297,0.005845069885253906,0.0053098201751708984,0.006054878234863281,0.006766080856323242,0.007670164108276367,0.0083770751953125,0.009023904800415039,0.009852170944213867,0.01041102409362793,0.011109113693237305,0.011727094650268555,0.012388944625854492,0.013136148452758789,0.013660907745361328,0.0144500732421875,0.015072107315063477,0.01568889617919922,0.016469955444335938,0.01693892478942871,0.017722129821777344,0.018171072006225586,0.018784046173095703,0.01958489418029785,0.020061969757080078,0.02061295509338379,0.02097320556640625,0.021550893783569336,0.022127866744995117,0.022593975067138672
2100,0.0039288997650146484,0.004835844039916992,0.005647182464599609,0.006510019302368164,0.007157087326049805,0.007992029190063477,0.008685111999511719,0.00952601432800293,0.010242938995361328,0.010928869247436523,0.011548042297363281,0.012368202209472656,0.012907981872558594,0.013724088668823242,0.014293909072875977,0.015131950378417969,0.01580214500427246,0.016412019729614258,0.017138004302978516,0.017808914184570312,0.018574953079223633,0.019076108932495117,0.019726991653442383,0.020375967025756836,0.0225069522857666,0.021636962890625,0.022397994995117188,0.02299809455871582,0.023667097091674805,0.02396702766418457
2200,0.004129171371459961,0.005040884017944336,0.006004810333251953,0.0067348480224609375,0.007513999938964844,0.008440971374511719,0.009155988693237305,0.009918928146362305,0.010738134384155273,0.011441946029663086,0.012301921844482422,0.012916088104248047,0.013606071472167969,0.014401912689208984,0.015249013900756836,0.015798091888427734,0.016583919525146484,0.0172269344329834,0.018133163452148438,0.018583059310913086,0.019412994384765625,0.02002716064453125,0.02084183692932129,0.021381855010986328,0.02202892303466797,0.02246713638305664,0.023279905319213867,0.023663997650146484,0.024307966232299805,0.024906158447265625
2300,0.0044062137603759766,0.0052490234375,0.0061969757080078125,0.007066011428833008,0.007951974868774414,0.0087890625,0.009531974792480469,0.010370016098022461,0.012659072875976562,0.012078046798706055,0.012777090072631836,0.013612985610961914,0.014575004577636719,0.015175819396972656,0.015790939331054688,0.01679706573486328,0.017702102661132812,0.01815009117126465,0.01901698112487793,0.019675016403198242,0.0209197998046875,0.02112293243408203,0.02182316780090332,0.02265787124633789,0.023719072341918945,0.02384495735168457,0.024554014205932617,0.02520585060119629,0.02620100975036621,0.026469945907592773
2400,0.004453897476196289,0.005585193634033203,0.006543874740600586,0.007401943206787109,0.00821995735168457,0.009202003479003906,0.010190010070800781,0.01085209846496582,0.011934995651245117,0.012453079223632812,0.013556957244873047,0.014111995697021484,0.014928102493286133,0.01575303077697754,0.016675949096679688,0.017319917678833008,0.018008947372436523,0.018769025802612305,0.01998591423034668,0.02039504051208496,0.021403074264526367,0.02189922332763672,0.022914886474609375,0.02489614486694336,0.024425983428955078,0.024998188018798828,0.025804996490478516,0.026257991790771484,0.026957035064697266,0.027599096298217773
2500,0.004724979400634766,0.005788087844848633,0.006721019744873047,0.00783681869506836,0.008571863174438477,0.009605884552001953,0.01061105728149414,0.011375188827514648,0.012250900268554688,0.013152837753295898,0.013875007629394531,0.014807939529418945,0.015722990036010742,0.016458988189697266,0.017234086990356445,0.018251895904541016,0.01891803741455078,0.01967906951904297,0.020735979080200195,0.02130913734436035,0.022223949432373047,0.02336597442626953,0.02368903160095215,0.024595022201538086,0.02550983428955078,0.02586817741394043,0.026569128036499023,0.02904486656188965,0.028299808502197266,0.028995990753173828
2600,0.004940032958984375,0.006044864654541016,0.007029056549072266,0.008165121078491211,0.008862018585205078,0.010013103485107422,0.011112213134765625,0.011775970458984375,0.012674093246459961,0.01376795768737793,0.014335870742797852,0.015364885330200195,0.016340970993041992,0.017065048217773438,0.017884016036987305,0.019128084182739258,0.01958298683166504,0.020468950271606445,0.021708965301513672,0.022130966186523438,0.023096084594726562,0.02406907081604004,0.024662017822265625,0.025508880615234375,0.026703834533691406,0.02692389488220215,0.02766585350036621,0.02871990203857422,0.02909111976623535,0.029809951782226562
2700,0.0065441131591796875,0.006229877471923828,0.007174968719482422,0.00851297378540039,0.009219169616699219,0.010390996932983398,0.011557817459106445,0.012269020080566406,0.013242959976196289,0.014482975006103516,0.0151519775390625,0.016073942184448242,0.017236948013305664,0.01796412467956543,0.01878499984741211,0.02014303207397461,0.02060222625732422,0.021577835083007812,0.02286386489868164,0.023324012756347656,0.02440190315246582,0.025493860244750977,0.0258941650390625,0.02694416046142578,0.0281679630279541,0.028469085693359375,0.029226064682006836,0.030395984649658203,0.030716896057128906,0.031469106674194336
2800,0.005464792251586914,0.006478071212768555,0.007544040679931641,0.009908914566040039,0.009579896926879883,0.011161088943481445,0.011731147766113281,0.012773990631103516,0.013898134231567383,0.014795064926147461,0.016026973724365234,0.01678180694580078,0.018091917037963867,0.018610000610351562,0.019528865814208984,0.02068305015563965,0.021380186080932617,0.02276611328125,0.023329973220825195,0.024244070053100586,0.02523493766784668,0.02599787712097168,0.02734208106994629,0.028038978576660156,0.029406070709228516,0.02947092056274414,0.030295133590698242,0.03132891654968262,0.03190493583679199,0.03514909744262695
2900,0.005506038665771484,0.006747007369995117,0.00812387466430664,0.008969783782958984,0.010143041610717773,0.011173009872436523,0.012011051177978516,0.013144969940185547,0.014213800430297852,0.015481948852539062,0.015997886657714844,0.017565011978149414,0.018065929412841797,0.019309043884277344,0.020255088806152344,0.021030187606811523,0.02246689796447754,0.022967815399169922,0.02395319938659668,0.024831056594848633,0.025906085968017578,0.02704596519470215,0.027559995651245117,0.029271841049194336,0.02951502799987793,0.03025078773498535,0.03292393684387207,0.03224802017211914,0.03380179405212402,0.03397488594055176
3000,0.005594015121459961,0.007001161575317383,0.008247137069702148,0.009472846984863281,0.010275840759277344,0.011487007141113281,0.012549161911010742,0.013660907745361328,0.014780044555664062,0.01573920249938965,0.016967058181762695,0.01777791976928711,0.018615007400512695,0.019973039627075195,0.020750045776367188,0.022119998931884766,0.02276301383972168,0.023734092712402344,0.02480292320251465,0.025677919387817383,0.02706599235534668,0.02760004997253418,0.029066085815429688,0.031196117401123047,0.030976057052612305,0.0316770076751709,0.032628774642944336,0.03377699851989746,0.03434896469116211,0.03591299057006836
3100,0.005900144577026367,0.007196903228759766,0.008485794067382812,0.009538888931274414,0.010899782180786133,0.011859893798828125,0.012944936752319336,0.014105081558227539,0.015110969543457031,0.01644301414489746,0.017275094985961914,0.018661022186279297,0.019393205642700195,0.02042698860168457,0.021650075912475586,0.02252817153930664,0.02392101287841797,0.024677038192749023,0.02560114860534668,0.028191089630126953,0.02806401252746582,0.02925705909729004,0.029837846755981445,0.03157806396484375,0.03188896179199219,0.03275179862976074,0.03379082679748535,0.034551143646240234,0.03607606887817383,0.03650188446044922
3200,0.006417036056518555,0.007327079772949219,0.00908207893371582,0.0099029541015625,0.011334896087646484,0.012331962585449219,0.013751029968261719,0.014541149139404297,0.016043901443481445,0.0168459415435791,0.018285036087036133,0.018946170806884766,0.020488977432250977,0.02240896224975586,0.022903919219970703,0.02357196807861328,0.02506089210510254,0.025555133819580078,0.027333974838256836,0.027698993682861328,0.029575109481811523,0.029842853546142578,0.03154897689819336,0.032109975814819336,0.033766984939575195,0.03393697738647461,0.035578012466430664,0.03582406044006348,0.03761887550354004,0.03783297538757324
3300,0.006520986557006836,0.007654905319213867,0.009428977966308594,0.010202884674072266,0.011698007583618164,0.013894081115722656,0.014240026473999023,0.015046119689941406,0.01657390594482422,0.01743292808532715,0.018818140029907227,0.019681930541992188,0.02121901512145996,0.02223992347717285,0.023407936096191406,0.024260997772216797,0.02581000328063965,0.026430845260620117,0.028061866760253906,0.028675079345703125,0.030460119247436523,0.030807971954345703,0.0325160026550293,0.03326988220214844,0.034871816635131836,0.034973859786987305,0.038722991943359375,0.03705620765686035,0.03890085220336914,0.03917098045349121
3400,0.006623983383178711,0.007881879806518555,0.009553194046020508,0.010512828826904297,0.01205301284790039,0.01311802864074707,0.014435052871704102,0.015432119369506836,0.016941070556640625,0.017824888229370117,0.019207000732421875,0.02020406723022461,0.021897077560424805,0.02253103256225586,0.023914098739624023,0.02489495277404785,0.026484966278076172,0.02698802947998047,0.028757095336914062,0.03077101707458496,0.031311988830566406,0.031733036041259766,0.03341507911682129,0.03422999382019043,0.03578686714172363,0.036000967025756836,0.038182973861694336,0.03844308853149414,0.04008221626281738,0.04041695594787598
3500,0.006824016571044922,0.008169889450073242,0.00972890853881836,0.010867118835449219,0.012054920196533203,0.013833045959472656,0.014642000198364258,0.016195058822631836,0.017138004302978516,0.019917011260986328,0.0195620059967041,0.02089715003967285,0.022415876388549805,0.02334904670715332,0.0247650146484375,0.025825977325439453,0.027035951614379883,0.028660058975219727,0.029284954071044922,0.030946969985961914,0.031830787658691406,0.03317093849182129,0.03396296501159668,0.03524208068847656,0.03706812858581543,0.037297964096069336,0.03911781311035156,0.03959798812866211,0.04272913932800293,0.04184412956237793
3600,0.006825923919677734,0.008633852005004883,0.009857177734375,0.011443138122558594,0.012455940246582031,0.013908863067626953,0.015440940856933594,0.01633000373840332,0.017907142639160156,0.018824100494384766,0.020222902297973633,0.021361827850341797,0.02233600616455078,0.02428913116455078,0.024935007095336914,0.02666497230529785,0.027436017990112305,0.030391931533813477,0.030144929885864258,0.031232833862304688,0.03338885307312012,0.03367280960083008,0.03531002998352051,0.03621697425842285,0.0375521183013916,0.03908109664916992,0.03962993621826172,0.04154682159423828,0.0420222282409668,0.043437957763671875
3700,0.007068157196044922,0.008661985397338867,0.01040196418762207,0.011467933654785156,0.01297903060913086,0.014252901077270508,0.01701807975769043,0.016932964324951172,0.01819610595703125,0.019963979721069336,0.02061605453491211,0.02245807647705078,0.023185014724731445,0.02481985092163086,0.026257991790771484,0.027263879776000977,0.028859853744506836,0.029672861099243164,0.03130602836608887,0.032202959060668945,0.03366708755493164,0.03525209426879883,0.03588700294494629,0.037815093994140625,0.03862309455871582,0.04153108596801758,0.040815114974975586,0.041970014572143555,0.044062137603759766,0.04425191879272461
3800,0.007311105728149414,0.008883953094482422,0.010582208633422852,0.012047052383422852,0.01301884651184082,0.014915943145751953,0.015890121459960938,0.017498016357421875,0.018402814865112305,0.01996588706970215,0.021509170532226562,0.022614002227783203,0.023910999298095703,0.02521800994873047,0.02802896499633789,0.02850508689880371,0.029250144958496094,0.031051158905029297,0.031785011291503906,0.03351712226867676,0.034555912017822266,0.03577399253845215,0.03760194778442383,0.03836512565612793,0.04026198387145996,0.04064798355102539,0.042317867279052734,0.04309582710266113,0.044435977935791016,0.04631996154785156
3900,0.0074498653411865234,0.009297847747802734,0.012660980224609375,0.011773109436035156,0.01345515251159668,0.015218019485473633,0.01609516143798828,0.017741918563842773,0.01916813850402832,0.020233154296875,0.021635055541992188,0.02321791648864746,0.023817777633666992,0.025818824768066406,0.027205944061279297,0.027897119522094727,0.02962517738342285,0.031183958053588867,0.03173398971557617,0.035034894943237305,0.034613847732543945,0.03545689582824707,0.03727102279663086,0.03819680213928223,0.03951001167297363,0.041166067123413086,0.04176497459411621,0.04361414909362793,0.04486703872680664,0.04531717300415039
4000,0.007444143295288086,0.009607076644897461,0.010977029800415039,0.012019872665405273,0.01397705078125,0.015487909317016602,0.017992019653320312,0.018133878707885742,0.01922011375427246,0.02074599266052246,0.02232503890991211,0.023301124572753906,0.02462315559387207,0.026417970657348633,0.02729201316833496,0.028659820556640625,0.030226945877075195,0.03116917610168457,0.03266000747680664,0.03444790840148926,0.035208940505981445,0.03643012046813965,0.03999495506286621,0.03967881202697754,0.04080080986022949,0.042315006256103516,0.04335594177246094,0.04420185089111328,0.04600381851196289,0.04658102989196777
4100,0.007850885391235352,0.009885072708129883,0.011121988296508789,0.01253819465637207,0.014008045196533203,0.015631914138793945,0.017038822174072266,0.018704891204833984,0.019682884216308594,0.0226900577545166,0.022804975509643555,0.023920059204101562,0.025365114212036133,0.02724599838256836,0.02778005599975586,0.029734134674072266,0.03152799606323242,0.032061100006103516,0.03386116027832031,0.03555703163146973,0.03627610206604004,0.03780484199523926,0.03963899612426758,0.04042696952819824,0.04206490516662598,0.04588794708251953,0.04403805732727051,0.045831918716430664,0.047564029693603516,0.04774904251098633
4200,0.008082866668701172,0.010189056396484375,0.01173710823059082,0.013014078140258789,0.014480829238891602,0.016633033752441406,0.017637968063354492,0.019193172454833984,0.02078700065612793,0.022571086883544922,0.02335810661315918,0.0264279842376709,0.02686595916748047,0.028789997100830078,0.029247045516967773,0.031200885772705078,0.0328059196472168,0.03454113006591797,0.03536081314086914,0.036975860595703125,0.03886985778808594,0.04036402702331543,0.04113197326660156,0.04292917251586914,0.04456591606140137,0.048111915588378906,0.04660487174987793,0.04834318161010742,0.05011391639709473,0.05168795585632324
4300,0.008194923400878906,0.010251045227050781,0.01214599609375,0.013735771179199219,0.014612913131713867,0.01670098304748535,0.01834893226623535,0.020056962966918945,0.021081924438476562,0.022905826568603516,0.025958776473999023,0.025821924209594727,0.02708888053894043,0.02911996841430664,0.03055095672607422,0.03177809715270996,0.033100128173828125,0.035076141357421875,0.036856889724731445,0.038030147552490234,0.03951001167297363,0.04120278358459473,0.042849063873291016,0.043843984603881836,0.04517507553100586,0.04867219924926758,0.04869413375854492,0.04924607276916504,0.05071091651916504,0.05261492729187012
4400,0.008675098419189453,0.010200977325439453,0.012225866317749023,0.014036893844604492,0.015537023544311523,0.01702117919921875,0.018522977828979492,0.02045583724975586,0.02205801010131836,0.023077011108398438,0.026298046112060547,0.026751041412353516,0.028464078903198242,0.02937602996826172,0.031058073043823242,0.03300309181213379,0.03460884094238281,0.03541707992553711,0.03805398941040039,0.03907418251037598,0.04117989540100098,0.04159879684448242,0.04879403114318848,0.05330514907836914,0.04766201972961426,0.04934501647949219,0.04967212677001953,0.051299095153808594,0.0527501106262207,0.053189992904663086
4500,0.008503913879394531,0.01076197624206543,0.012781858444213867,0.014029979705810547,0.015559911727905273,0.017796039581298828,0.019232988357543945,0.020531892776489258,0.022172212600708008,0.025799989700317383,0.025928974151611328,0.02704000473022461,0.028695106506347656,0.03063488006591797,0.03234577178955078,0.03326296806335449,0.03491997718811035,0.036850929260253906,0.03860116004943848,0.03931307792663574,0.041719913482666016,0.04320383071899414,0.04493379592895508,0.045770883560180664,0.0493319034576416,0.04920387268066406,0.0500030517578125,0.05159902572631836,0.05352497100830078,0.05509185791015625
4600,0.009235858917236328,0.010837078094482422,0.012856006622314453,0.014589071273803711,0.016088008880615234,0.01813483238220215,0.019775867462158203,0.02093982696533203,0.024243831634521484,0.024677038192749023,0.026371002197265625,0.028343915939331055,0.029213905334472656,0.03072810173034668,0.032418012619018555,0.034484148025512695,0.03614497184753418,0.03792691230773926,0.03882408142089844,0.04030299186706543,0.04265093803405762,0.045881032943725586,0.04590320587158203,0.04789400100708008,0.04850292205810547,0.04987907409667969,0.05170106887817383,0.0535120964050293,0.055149078369140625,0.05726504325866699
4700,0.008881807327270508,0.01106405258178711,0.013270139694213867,0.014928102493286133,0.018260955810546875,0.018133878707885742,0.019784927368164062,0.021708011627197266,0.02352309226989746,0.02525615692138672,0.0269620418548584,0.028454065322875977,0.029796123504638672,0.03174304962158203,0.03331303596496582,0.035408973693847656,0.0369420051574707,0.03798699378967285,0.04108119010925293,0.04161500930786133,0.04368710517883301,0.04518699645996094,0.04706692695617676,0.04804110527038574,0.04945802688598633,0.051114797592163086,0.05298805236816406,0.054633140563964844,0.056488990783691406,0.05703306198120117
4800,0.009340047836303711,0.01288604736328125,0.013340950012207031,0.0150909423828125,0.016789913177490234,0.01861882209777832,0.020520925521850586,0.022281169891357422,0.024011850357055664,0.025799036026000977,0.027553081512451172,0.028928041458129883,0.03033590316772461,0.032991886138916016,0.03554081916809082,0.03617596626281738,0.03705596923828125,0.03876090049743652,0.04074597358703613,0.04253888130187988,0.044801950454711914,0.04654121398925781,0.047167062759399414,0.0489349365234375,0.05100393295288086,0.05255913734436035,0.05426812171936035,0.058645009994506836,0.05660414695739746,0.058355093002319336
4900,0.009668827056884766,0.011692047119140625,0.013814926147460938,0.015563011169433594,0.01739501953125,0.019443035125732422,0.021116971969604492,0.022912979125976562,0.02391791343688965,0.025851011276245117,0.029165983200073242,0.029790163040161133,0.03154802322387695,0.0333399772644043,0.03501605987548828,0.036798954010009766,0.0384671688079834,0.040318965911865234,0.042433977127075195,0.043083906173706055,0.04536795616149902,0.046675920486450195,0.05016589164733887,0.05088686943054199,0.05240988731384277,0.053762197494506836,0.05576205253601074,0.057554006576538086,0.059105873107910156,0.06121492385864258
5000,0.009861946105957031,0.013453960418701172,0.014028072357177734,0.015809059143066406,0.019279003143310547,0.019610881805419922,0.0213930606842041,0.023216962814331055,0.024926185607910156,0.03130483627319336,0.0289309024810791,0.030008792877197266,0.031738996505737305,0.03372693061828613,0.03542184829711914,0.037297964096069336,0.04058408737182617,0.04098010063171387,0.042983055114746094,0.04484200477600098,0.04699397087097168,0.048336029052734375,0.04937601089477539,0.05111289024353027,0.05315208435058594,0.05455493927001953,0.056446075439453125,0.05804300308227539,0.06208515167236328,0.06156802177429199
5100,0.009895086288452148,0.012288808822631836,0.014480829238891602,0.015820980072021484,0.01764512062072754,0.01970696449279785,0.021512985229492188,0.023368120193481445,0.025090932846069336,0.027215957641601562,0.030868053436279297,0.031265974044799805,0.0329439640045166,0.03496289253234863,0.03581500053405762,0.037754058837890625,0.039472103118896484,0.041398048400878906,0.043601036071777344,0.04526019096374512,0.04760003089904785,0.04899406433105469,0.05282402038574219,0.05320620536804199,0.05501604080200195,0.055674076080322266,0.056900978088378906,0.05913901329040527,0.0607450008392334,0.0623929500579834
5200,0.010048151016235352,0.012401103973388672,0.014646053314208984,0.016475915908813477,0.02031993865966797,0.02062201499938965,0.021893978118896484,0.023708105087280273,0.02566814422607422,0.02791285514831543,0.029527902603149414,0.0316309928894043,0.03338003158569336,0.03525996208190918,0.03690218925476074,0.038960933685302734,0.04255414009094238,0.0419619083404541,0.044074058532714844,0.04591012001037598,0.04820990562438965,0.04984784126281738,0.05168890953063965,0.05388212203979492,0.05564403533935547,0.057064056396484375,0.05911684036254883,0.06095480918884277,0.0626828670501709,0.06535792350769043
5300,0.010578155517578125,0.012931108474731445,0.01512908935546875,0.016933917999267578,0.018785953521728516,0.021020889282226562,0.022928953170776367,0.02469611167907715,0.02668595314025879,0.02852797508239746,0.03125596046447754,0.032465219497680664,0.0342710018157959,0.03627800941467285,0.0383150577545166,0.04006004333496094,0.041953086853027344,0.04381299018859863,0.0510869026184082,0.054757118225097656,0.05087089538574219,0.05320906639099121,0.05326986312866211,0.055639028549194336,0.057502031326293945,0.05876898765563965,0.060524940490722656,0.06230497360229492,0.06500911712646484,0.06613016128540039
5400,0.010704994201660156,0.013096809387207031,0.016756057739257812,0.017258882522583008,0.01908397674560547,0.021435976028442383,0.023561954498291016,0.0256350040435791,0.027048110961914062,0.029434919357299805,0.03096294403076172,0.03326606750488281,0.03701186180114746,0.03719806671142578,0.038475990295410156,0.04088115692138672,0.04253888130187988,0.04463696479797363,0.046766042709350586,0.04854893684387207,0.050932884216308594,0.05255007743835449,0.05434703826904297,0.056542158126831055,0.05947589874267578,0.05960893630981445,0.06148505210876465,0.06342196464538574,0.06524896621704102,0.06705880165100098
5500,0.01100301742553711,0.013300180435180664,0.015722036361694336,0.017615079879760742,0.02117300033569336,0.021921157836914062,0.023797988891601562,0.025854110717773438,0.027859926223754883,0.029881954193115234,0.031786203384399414,0.03388381004333496,0.03554081916809082,0.03877997398376465,0.040142059326171875,0.04167795181274414,0.045076847076416016,0.04544711112976074,0.04760003089904785,0.049523115158081055,0.051711082458496094,0.05332612991333008,0.055320024490356445,0.057466983795166016,0.05937981605529785,0.0609278678894043,0.06511998176574707,0.06461596488952637,0.06780695915222168,0.06835603713989258
5600,0.011023998260498047,0.013602018356323242,0.015924930572509766,0.017902135848999023,0.01979207992553711,0.021971940994262695,0.02383589744567871,0.02739715576171875,0.028024911880493164,0.029942989349365234,0.03201794624328613,0.03371691703796387,0.036186933517456055,0.038407087326049805,0.04027199745178223,0.0422511100769043,0.04415702819824219,0.04811716079711914,0.04836916923522949,0.05002188682556152,0.05222201347351074,0.0538179874420166,0.05564594268798828,0.057798147201538086,0.05955004692077637,0.06189608573913574,0.06394720077514648,0.06817984580993652,0.06762194633483887,0.06930398941040039
5700,0.011201858520507812,0.01373291015625,0.016129016876220703,0.018049955368041992,0.01999211311340332,0.022192955017089844,0.024159908294677734,0.026084184646606445,0.029870986938476562,0.030944108963012695,0.032813072204589844,0.03486895561218262,0.036805152893066406,0.03883814811706543,0.04078388214111328,0.04286479949951172,0.04471898078918457,0.04668116569519043,0.05025601387023926,0.050729990005493164,0.052839040756225586,0.05535888671875,0.058203935623168945,0.05952620506286621,0.061396121978759766,0.06282997131347656,0.06488585472106934,0.06648778915405273,0.07066488265991211,0.07026195526123047
5800,0.011327981948852539,0.013664960861206055,0.01620793342590332,0.018248796463012695,0.020491838455200195,0.022886991500854492,0.02482891082763672,0.02692699432373047,0.030768871307373047,0.0316469669342041,0.03327202796936035,0.03539919853210449,0.03725099563598633,0.03930497169494629,0.04106879234313965,0.04337596893310547,0.045300960540771484,0.04806995391845703,0.052253007888793945,0.052095890045166016,0.05435585975646973,0.05613899230957031,0.05805802345275879,0.060256004333496094,0.06209087371826172,0.06362509727478027,0.06551194190979004,0.06743907928466797,0.06925702095031738,0.07245492935180664
5900,0.011111021041870117,0.013890981674194336,0.016839027404785156,0.018846988677978516,0.020858049392700195,0.02318096160888672,0.02513408660888672,0.027328014373779297,0.029449939727783203,0.03313088417053223,0.03360700607299805,0.035633087158203125,0.03744101524353027,0.03968691825866699,0.041970014572143555,0.04453086853027344,0.04679989814758301,0.048764944076538086,0.05078411102294922,0.05462002754211426,0.05570077896118164,0.056871891021728516,0.058975934982299805,0.0610809326171875,0.06291484832763672,0.06464099884033203,0.06653499603271484,0.06912684440612793,0.0713047981262207,0.07580995559692383
6000,0.01172494888305664,0.01409006118774414,0.01705002784729004,0.0190579891204834,0.020819902420043945,0.023738861083984375,0.025698184967041016,0.027865886688232422,0.029925823211669922,0.03345894813537598,0.033837080001831055,0.03672909736633301,0.038513898849487305,0.04085183143615723,0.042639970779418945,0.04509711265563965,0.047122955322265625,0.049756765365600586,0.05400681495666504,0.053804874420166016,0.056236982345581055,0.057708024978637695,0.05995893478393555,0.06219196319580078,0.06480097770690918,0.0663900375366211,0.06822800636291504,0.07036089897155762,0.0740659236907959,0.07395482063293457
6100,0.011829137802124023,0.014365911483764648,0.017355918884277344,0.01942896842956543,0.021213054656982422,0.023862123489379883,0.026154041290283203,0.03019404411315918,0.03066086769104004,0.03288102149963379,0.03459596633911133,0.03696084022521973,0.03873491287231445,0.0415799617767334,0.04334282875061035,0.04593682289123535,0.04791402816772461,0.05142998695373535,0.05217599868774414,0.05472087860107422,0.05723881721496582,0.05905294418334961,0.06091499328613281,0.06342291831970215,0.0651400089263916,0.06751680374145508,0.07205390930175781,0.07155799865722656,0.07348513603210449,0.0752408504486084
6200,0.011870861053466797,0.014747858047485352,0.01756882667541504,0.019826889038085938,0.02182912826538086,0.024227142333984375,0.02773284912109375,0.02856588363647461,0.0312809944152832,0.03370499610900879,0.03553414344787598,0.03777599334716797,0.03987002372741699,0.04206204414367676,0.0443418025970459,0.04877805709838867,0.04924798011779785,0.051200151443481445,0.05332612991333008,0.05524802207946777,0.0576322078704834,0.06004786491394043,0.06227993965148926,0.0648200511932373,0.0665121078491211,0.07010698318481445,0.07015395164489746,0.07308101654052734,0.07509207725524902,0.07700610160827637
6300,0.012258052825927734,0.015069007873535156,0.018069028854370117,0.020170927047729492,0.02367401123046875,0.024634838104248047,0.027163982391357422,0.029565095901489258,0.03168988227844238,0.03380084037780762,0.03630995750427246,0.03871011734008789,0.04066300392150879,0.0442509651184082,0.04461503028869629,0.04750990867614746,0.0498509407043457,0.051988840103149414,0.054048776626586914,0.05650687217712402,0.05916786193847656,0.060974836349487305,0.0644688606262207,0.06601095199584961,0.06820392608642578,0.06972408294677734,0.07161879539489746,0.0742640495300293,0.07631301879882812,0.07807302474975586
6400,0.012443065643310547,0.016604185104370117,0.018331050872802734,0.0205080509185791,0.022536039352416992,0.025269031524658203,0.027586936950683594,0.02988600730895996,0.031929969787597656,0.03469991683959961,0.037507057189941406,0.03895401954650879,0.04095005989074707,0.043618202209472656,0.04594683647155762,0.048100948333740234,0.05013608932495117,0.0528721809387207,0.05717897415161133,0.057428836822509766,0.05962800979614258,0.062139034271240234,0.06422901153564453,0.06655716896057129,0.06854510307312012,0.07102394104003906,0.0730898380279541,0.07713103294372559,0.07704305648803711,0.07873201370239258
6500,0.012661933898925781,0.015677213668823242,0.01843404769897461,0.020558834075927734,0.022987842559814453,0.025476932525634766,0.029244184494018555,0.03016805648803711,0.03263998031616211,0.035225868225097656,0.03711199760437012,0.03949379920959473,0.042111873626708984,0.044429779052734375,0.04639387130737305,0.05011582374572754,0.05143904685974121,0.05361199378967285,0.05596208572387695,0.057991981506347656,0.06103086471557617,0.0630807876586914,0.06501603126525879,0.06738805770874023,0.07095599174499512,0.07187795639038086,0.0740351676940918,0.07608294486999512,0.07814884185791016,0.08091902732849121
6600,0.012840032577514648,0.015829086303710938,0.018427133560180664,0.022169828414916992,0.02319502830505371,0.025935888290405273,0.028178930282592773,0.030785083770751953,0.03325510025024414,0.03558707237243652,0.037564992904663086,0.042124032974243164,0.0425868034362793,0.04526996612548828,0.0543520450592041,0.058424949645996094,0.05219006538391113,0.054334163665771484,0.056533098220825195,0.05920004844665527,0.06469297409057617,0.06377196311950684,0.06580901145935059,0.0690300464630127,0.07110595703125,0.07299494743347168,0.07477617263793945,0.07792210578918457,0.0800771713256836,0.08488202095031738
6700,0.013020992279052734,0.01604485511779785,0.019181013107299805,0.02137303352355957,0.023719072341918945,0.02640819549560547,0.028439998626708984,0.03338909149169922,0.034049034118652344,0.036527156829833984,0.03841114044189453,0.04112696647644043,0.042913198471069336,0.04595184326171875,0.04781389236450195,0.05055880546569824,0.054177045822143555,0.055262088775634766,0.057775020599365234,0.05976700782775879,0.06290888786315918,0.06483197212219238,0.06687116622924805,0.07031011581420898,0.07494115829467773,0.07378315925598145,0.0767221450805664,0.0785980224609375,0.08064603805541992,0.08341407775878906
6800,0.013319015502929688,0.016122102737426758,0.02132105827331543,0.021646976470947266,0.02390599250793457,0.02679610252380371,0.029146909713745117,0.03161287307739258,0.03411102294921875,0.03681206703186035,0.03862905502319336,0.04325604438781738,0.043782949447631836,0.04628491401672363,0.04884815216064453,0.05135798454284668,0.05336499214172363,0.05655694007873535,0.05895709991455078,0.06325197219848633,0.06345582008361816,0.06591105461120605,0.06802797317504883,0.07060408592224121,0.07318615913391113,0.07500815391540527,0.07711911201477051,0.08324503898620605,0.08216190338134766,0.08444380760192871
6900,0.013475179672241211,0.016520977020263672,0.019404172897338867,0.021956920623779297,0.02436995506286621,0.026836156845092773,0.031105995178222656,0.03220486640930176,0.03415799140930176,0.03752398490905762,0.039366960525512695,0.0420231819152832,0.0443270206451416,0.04770803451538086,0.05087614059448242,0.052438974380493164,0.05445289611816406,0.05675983428955078,0.05971503257751465,0.06212186813354492,0.06454896926879883,0.06713104248046875,0.07202792167663574,0.07194399833679199,0.07463407516479492,0.07646799087524414,0.07865595817565918,0.08077597618103027,0.08351898193359375,0.08580899238586426
7000,0.013801097869873047,0.01831817626953125,0.019752025604248047,0.022451162338256836,0.024679899215698242,0.027930021286010742,0.030120134353637695,0.03256082534790039,0.03692889213562012,0.038040876388549805,0.0405888557434082,0.042903900146484375,0.04502415657043457,0.04818391799926758,0.05009603500366211,0.05305790901184082,0.057978153228759766,0.05763983726501465,0.06067299842834473,0.06372809410095215,0.06624317169189453,0.0680549144744873,0.07109212875366211,0.07355713844299316,0.0778510570526123,0.07872200012207031,0.08017706871032715,0.08290696144104004,0.0852501392364502,0.08734703063964844
7100,0.013947010040283203,0.017043113708496094,0.022244930267333984,0.022694110870361328,0.025012969970703125,0.028026819229125977,0.03047490119934082,0.03330183029174805,0.035719871520996094,0.03810882568359375,0.0419459342956543,0.04348015785217285,0.04587507247924805,0.04853510856628418,0.05112290382385254,0.0538640022277832,0.05597496032714844,0.06155204772949219,0.06146121025085449,0.0642390251159668,0.06686592102050781,0.06863188743591309,0.07159209251403809,0.07440400123596191,0.07705998420715332,0.08205604553222656,0.08117794990539551,0.08379983901977539,0.08600902557373047,0.0889890193939209
7200,0.014073848724365234,0.01714801788330078,0.020348072052001953,0.02489304542541504,0.025177955627441406,0.027788162231445312,0.030025005340576172,0.032679080963134766,0.03508400917053223,0.03800392150878906,0.04027199745178223,0.04419898986816406,0.04507899284362793,0.04770493507385254,0.05044102668762207,0.05265212059020996,0.05547904968261719,0.057756900787353516,0.05994391441345215,0.06450104713439941,0.0653538703918457,0.06788301467895508,0.07007002830505371,0.07242393493652344,0.07524299621582031,0.07692313194274902,0.08358001708984375,0.08217883110046387,0.08410096168518066,0.0867621898651123
7300,0.014251947402954102,0.01756000518798828,0.020678043365478516,0.02295708656311035,0.027554035186767578,0.028167009353637695,0.03072500228881836,0.03323817253112793,0.0354769229888916,0.03853487968444824,0.04073500633239746,0.04360079765319824,0.04790186882019043,0.04820084571838379,0.0507199764251709,0.053421974182128906,0.056227922439575195,0.058634042739868164,0.06144905090332031,0.06369280815124512,0.06879186630249023,0.06895589828491211,0.07122993469238281,0.07442307472229004,0.0764780044555664,0.07809901237487793,0.08105897903442383,0.0831151008605957,0.08855700492858887,0.08826994895935059
7400,0.014471054077148438,0.017655134201049805,0.020871877670288086,0.023679018020629883,0.02596592903137207,0.031011104583740234,0.031530141830444336,0.03459310531616211,0.037075042724609375,0.04001212120056152,0.04234886169433594,0.04517793655395508,0.04759812355041504,0.052102088928222656,0.05244016647338867,0.05591106414794922,0.05834603309631348,0.06132102012634277,0.06377410888671875,0.06658506393432617,0.07176804542541504,0.07224106788635254,0.07432103157043457,0.07763195037841797,0.07978200912475586,0.08226299285888672,0.08466196060180664,0.09148716926574707,0.09000301361083984,0.09263491630554199
7500,0.014526844024658203,0.018117904663085938,0.021281003952026367,0.02428603172302246,0.02657008171081543,0.03137803077697754,0.03209400177001953,0.03516793251037598,0.03775978088378906,0.04088997840881348,0.0430450439453125,0.04594588279724121,0.05042004585266113,0.05094504356384277,0.05305004119873047,0.05636906623840332,0.05910515785217285,0.06163811683654785,0.06474685668945312,0.06708288192749023,0.07197284698486328,0.07238197326660156,0.07524991035461426,0.07822704315185547,0.0808877944946289,0.0829019546508789,0.08578896522521973,0.09090805053710938,0.09112787246704102,0.09324288368225098
7600,0.015053987503051758,0.01812291145324707,0.021658897399902344,0.02414703369140625,0.028985023498535156,0.029858112335205078,0.032553911209106445,0.035392045974731445,0.0381779670715332,0.040947914123535156,0.04326796531677246,0.04631495475769043,0.050350189208984375,0.05185413360595703,0.054119110107421875,0.057077884674072266,0.06013298034667969,0.06280016899108887,0.06573295593261719,0.07065391540527344,0.07169485092163086,0.07358598709106445,0.07687497138977051,0.07939505577087402,0.0827479362487793,0.08425617218017578,0.09108996391296387,0.0897819995880127,0.09273099899291992,0.09498310089111328
7700,0.014987945556640625,0.01867389678955078,0.022014141082763672,0.024559974670410156,0.029003143310546875,0.0302889347076416,0.03281688690185547,0.036103010177612305,0.03834795951843262,0.04169106483459473,0.04372906684875488,0.04852414131164551,0.04921412467956543,0.05254316329956055,0.05497407913208008,0.05826592445373535,0.061074018478393555,0.06330394744873047,0.06842994689941406,0.06897187232971191,0.0732719898223877,0.08215212821960449,0.07765579223632812,0.08105802536010742,0.08303117752075195,0.0878150463104248,0.0878288745880127,0.0906529426574707,0.09395623207092285,0.09792494773864746
7800,0.015130043029785156,0.018525123596191406,0.023875951766967773,0.024866819381713867,0.02761697769165039,0.03095221519470215,0.0333409309387207,0.03650212287902832,0.03882908821105957,0.04343914985656738,0.04423403739929199,0.04776620864868164,0.050158023834228516,0.053251028060913086,0.05559802055358887,0.058791160583496094,0.06340193748474121,0.06414604187011719,0.06752800941467285,0.07102084159851074,0.0733489990234375,0.07591009140014648,0.07868504524230957,0.08356499671936035,0.0843820571899414,0.08642387390136719,0.08997392654418945,0.09219503402709961,0.09515690803527832,0.09716987609863281
7900,0.01695704460144043,0.019012928009033203,0.022323131561279297,0.025480985641479492,0.02798008918762207,0.031198978424072266,0.033720970153808594,0.038266897201538086,0.03960680961608887,0.042639970779418945,0.04552602767944336,0.048352956771850586,0.05112195014953613,0.053846120834350586,0.058135986328125,0.05945611000061035,0.06256318092346191,0.06569314002990723,0.06850194931030273,0.07112598419189453,0.07425594329833984,0.07885098457336426,0.07929587364196777,0.08269000053405762,0.08588194847106934,0.08934187889099121,0.09070611000061035,0.09307098388671875,0.09832286834716797,0.09837698936462402
8000,0.01567816734313965,0.019422054290771484,0.02278614044189453,0.025676965713500977,0.02814507484436035,0.03320503234863281,0.034071922302246094,0.03719210624694824,0.040426015853881836,0.04336881637573242,0.04606485366821289,0.04879879951477051,0.05316591262817383,0.0544741153717041,0.057331085205078125,0.06058001518249512,0.06325697898864746,0.06641387939453125,0.0689399242401123,0.07386493682861328,0.07506489753723145,0.07771492004394531,0.08115100860595703,0.08403301239013672,0.08682012557983398,0.0887000560760498,0.09369182586669922,0.09431099891662598,0.0972900390625,0.10032105445861816
8100,0.01591205596923828,0.0195310115814209,0.025564908981323242,0.026005983352661133,0.028814077377319336,0.03206801414489746,0.03473401069641113,0.037811994552612305,0.04096198081970215,0.04590106010437012,0.046679019927978516,0.0494379997253418,0.05212903022766113,0.05570507049560547,0.057824134826660156,0.06103801727294922,0.06650209426879883,0.0672609806060791,0.0703589916229248,0.07332205772399902,0.07679390907287598,0.07924103736877441,0.08588004112243652,0.08487892150878906,0.08767294883728027,0.09067988395690918,0.09291911125183105,0.09590411186218262,0.09916996955871582,0.10542702674865723
8200,0.016086101531982422,0.019959211349487305,0.023293018341064453,0.02636098861694336,0.029400110244750977,0.03214120864868164,0.03682208061218262,0.03815197944641113,0.04136180877685547,0.0444490909576416,0.04699087142944336,0.05006599426269531,0.0555729866027832,0.05663299560546875,0.06271815299987793,0.06890511512756348,0.0732879638671875,0.06784796714782715,0.07129406929016113,0.07638907432556152,0.07734298706054688,0.08040881156921387,0.0826728343963623,0.08646392822265625,0.0893549919128418,0.09115982055664062,0.09642410278320312,0.09787702560424805,0.09993600845336914,0.10312104225158691
8300,0.016469955444335938,0.019912004470825195,0.025883913040161133,0.026196002960205078,0.02935194969177246,0.0326998233795166,0.03552889823913574,0.03857302665710449,0.04183793067932129,0.04651808738708496,0.0477900505065918,0.050958871841430664,0.05364704132080078,0.05672788619995117,0.059617042541503906,0.0626220703125,0.06726384162902832,0.06922698020935059,0.07162904739379883,0.07492899894714355,0.08664393424987793,0.08089804649353027,0.08704805374145508,0.08759117126464844,0.08987092971801758,0.09257888793945312,0.09568405151367188,0.09804391860961914,0.10161495208740234,0.1066598892211914
8400,0.016342878341674805,0.020473957061767578,0.02410411834716797,0.02705097198486328,0.030000925064086914,0.03546786308288574,0.036386966705322266,0.039106130599975586,0.04216504096984863,0.04565906524658203,0.04861116409301758,0.05121898651123047,0.05568814277648926,0.05769705772399902,0.06065511703491211,0.06348109245300293,0.06661009788513184,0.07030391693115234,0.07991194725036621,0.07574701309204102,0.07930302619934082,0.08232593536376953,0.0847160816192627,0.09648013114929199,0.09529781341552734,0.0940239429473877,0.09655594825744629,0.09955286979675293,0.10285091400146484,0.10583090782165527
8500,0.01679205894470215,0.02212691307067871,0.024391889572143555,0.02752089500427246,0.03288412094116211,0.03683304786682129,0.03666496276855469,0.04147911071777344,0.042694807052612305,0.04589986801147461,0.04914593696594238,0.05204176902770996,0.05467391014099121,0.06085801124572754,0.06123495101928711,0.06422281265258789,0.06735110282897949,0.07057690620422363,0.0740959644317627,0.07634210586547852,0.08199095726013184,0.08303284645080566,0.08634781837463379,0.08935093879699707,0.09220290184020996,0.0950479507446289,0.10052990913391113,0.10071897506713867,0.10361886024475098,0.10695886611938477
8600,0.016801834106445312,0.020483016967773438,0.02672100067138672,0.0275571346282959,0.0304720401763916,0.03390097618103027,0.036975860595703125,0.04049992561340332,0.0432429313659668,0.047930002212524414,0.04956197738647461,0.05283093452453613,0.05543112754821777,0.0588841438293457,0.06190609931945801,0.06693887710571289,0.06824803352355957,0.07149386405944824,0.0749049186706543,0.07729697227478027,0.0808720588684082,0.0872499942779541,0.08717012405395508,0.09018206596374512,0.09301018714904785,0.09627413749694824,0.09977388381958008,0.1015329360961914,0.10712504386901855,0.11012697219848633
8700,0.017480850219726562,0.02078390121459961,0.02474498748779297,0.028133153915405273,0.03271794319152832,0.03418588638305664,0.037448883056640625,0.04092001914978027,0.04365801811218262,0.04704594612121582,0.05236220359802246,0.05352210998535156,0.05593991279602051,0.05928802490234375,0.062376976013183594,0.06615686416625977,0.06882882118225098,0.07381391525268555,0.07590794563293457,0.07877087593078613,0.08189082145690918,0.08449387550354004,0.08810186386108398,0.09393596649169922,0.09430789947509766,0.09702587127685547,0.10043907165527344,0.10456204414367676,0.10602092742919922,0.11327981948852539
8800,0.017596006393432617,0.021476030349731445,0.02507615089416504,0.028294086456298828,0.031178951263427734,0.036869049072265625,0.038053035736083984,0.04097604751586914,0.04421496391296387,0.0474240779876709,0.05061793327331543,0.056710004806518555,0.05740499496459961,0.06006598472595215,0.06302309036254883,0.06672406196594238,0.07027411460876465,0.07708001136779785,0.07632803916931152,0.07918810844421387,0.0829010009765625,0.08604288101196289,0.08961606025695801,0.09769105911254883,0.0957489013671875,0.09801816940307617,0.10149598121643066,0.10556817054748535,0.10823702812194824,0.11150193214416504
8900,0.019350051879882812,0.02150583267211914,0.025177001953125,0.02855396270751953,0.03181815147399902,0.03773999214172363,0.038172006607055664,0.04135489463806152,0.044770002365112305,0.04835700988769531,0.05123782157897949,0.05480790138244629,0.05874490737915039,0.06083989143371582,0.06380891799926758,0.06751108169555664,0.07114911079406738,0.07801699638366699,0.077362060546875,0.08025979995727539,0.08417201042175293,0.08739900588989258,0.09058094024658203,0.0943608283996582,0.09846282005310059,0.09932708740234375,0.1026771068572998,0.10588598251342773,0.10940790176391602,0.11787104606628418
9000,0.018203020095825195,0.021723031997680664,0.02569413185119629,0.029132843017578125,0.031996965408325195,0.035614967346191406,0.039804935455322266,0.041641950607299805,0.045411109924316406,0.04878711700439453,0.05188488960266113,0.06546306610107422,0.0580439567565918,0.061367034912109375,0.06462383270263672,0.06809782981872559,0.07201004028320312,0.07456302642822266,0.07942509651184082,0.08051204681396484,0.08509683609008789,0.08724784851074219,0.09138107299804688,0.09848213195800781,0.09775304794311523,0.09929013252258301,0.10531282424926758,0.11225581169128418,0.11065006256103516,0.11289715766906738
9100,0.019633054733276367,0.02182316780090332,0.025821924209594727,0.02919483184814453,0.032466888427734375,0.03818082809448242,0.03936290740966797,0.04280900955200195,0.04624509811401367,0.04946708679199219,0.05268692970275879,0.05801200866699219,0.05912590026855469,0.06239581108093262,0.06564784049987793,0.0690450668334961,0.07251501083374023,0.07785797119140625,0.0796349048614502,0.08278989791870117,0.08588504791259766,0.08814811706542969,0.09188699722290039,0.09702181816101074,0.0986630916595459,0.10190200805664062,0.10414004325866699,0.10774683952331543,0.11704897880554199,0.11394405364990234
9200,0.018318891525268555,0.022233009338378906,0.026226043701171875,0.02939295768737793,0.03501105308532715,0.03565406799316406,0.03950905799865723,0.04305100440979004,0.04656219482421875,0.04993796348571777,0.05537581443786621,0.05628204345703125,0.06054496765136719,0.06372594833374023,0.06696486473083496,0.0698390007019043,0.07565116882324219,0.07646417617797852,0.08078718185424805,0.0831749439239502,0.08751296997070312,0.08967208862304688,0.09559416770935059,0.09618592262268066,0.09995508193969727,0.1017599105834961,0.10609102249145508,0.11280488967895508,0.11278986930847168,0.11524581909179688
9300,0.01859903335571289,0.02260422706604004,0.026520967483520508,0.03214907646179199,0.03262782096862793,0.03586411476135254,0.03997683525085449,0.04330897331237793,0.0467989444732666,0.05215597152709961,0.053846120834350586,0.06464886665344238,0.06061887741088867,0.06375479698181152,0.06661796569824219,0.07156205177307129,0.07327795028686523,0.07660388946533203,0.08012914657592773,0.08362197875976562,0.09068489074707031,0.0905008316040039,0.09418392181396484,0.09887504577636719,0.10115313529968262,0.10370922088623047,0.1096658706665039,0.11081695556640625,0.11305809020996094,0.11733388900756836
9400,0.018688201904296875,0.022422075271606445,0.028866052627563477,0.03007197380065918,0.03360700607299805,0.03680300712585449,0.040122032165527344,0.04367709159851074,0.04879617691040039,0.05088019371032715,0.05417609214782715,0.05768299102783203,0.06089496612548828,0.06774210929870605,0.06793880462646484,0.07072186470031738,0.0737149715423584,0.07732200622558594,0.08072805404663086,0.08748793601989746,0.08811116218566895,0.09110498428344727,0.09453678131103516,0.09832406044006348,0.10170102119445801,0.10695791244506836,0.10726308822631836,0.117401123046875,0.11345887184143066,0.1170499324798584
9500,0.018683195114135742,0.024712085723876953,0.027544021606445312,0.030616044998168945,0.03402900695800781,0.03766989707946777,0.043164968490600586,0.04456305503845215,0.047965049743652344,0.051602840423583984,0.05472397804260254,0.05834794044494629,0.06380200386047363,0.06522178649902344,0.0684809684753418,0.07220220565795898,0.07595205307006836,0.0822598934173584,0.08304595947265625,0.08561301231384277,0.09034585952758789,0.09259390830993652,0.09662795066833496,0.10275101661682129,0.10417699813842773,0.10587501525878906,0.11023187637329102,0.11263608932495117,0.1222388744354248,0.11978411674499512
9600,0.018766164779663086,0.023167133331298828,0.027528047561645508,0.03096604347229004,0.036293983459472656,0.03812384605407715,0.04156804084777832,0.0449068546295166,0.0484769344329834,0.052127838134765625,0.05681180953979492,0.059044837951660156,0.06247401237487793,0.06609392166137695,0.0693809986114502,0.0758199691772461,0.07707810401916504,0.07984304428100586,0.08389997482299805,0.08669209480285645,0.091278076171875,0.09511017799377441,0.09691405296325684,0.10114884376525879,0.10401487350463867,0.1069331169128418,0.11396384239196777,0.11475801467895508,0.11765384674072266,0.12172603607177734
9700,0.019176959991455078,0.02358698844909668,0.029232025146484375,0.03119492530822754,0.034690141677856445,0.03849506378173828,0.0419161319732666,0.047369956970214844,0.04925203323364258,0.05276894569396973,0.05623006820678711,0.05981588363647461,0.0631718635559082,0.06798791885375977,0.07003498077392578,0.07355594635009766,0.0769197940826416,0.08071398735046387,0.08698391914367676,0.08809399604797363,0.09117817878723145,0.09435296058654785,0.09773492813110352,0.10178685188293457,0.10707306861877441,0.10797810554504395,0.1113128662109375,0.11455512046813965,0.11860299110412598,0.12526607513427734
9800,0.019813060760498047,0.023966073989868164,0.028249025344848633,0.0317840576171875,0.037758827209472656,0.038503170013427734,0.04244399070739746,0.046354055404663086,0.0495760440826416,0.05378389358520508,0.0581510066986084,0.06076312065124512,0.0632328987121582,0.0682070255279541,0.07083296775817871,0.07809710502624512,0.07904696464538574,0.08289194107055664,0.08557987213134766,0.08966803550720215,0.09680891036987305,0.09664797782897949,0.09969711303710938,0.10432100296020508,0.10686802864074707,0.11052799224853516,0.11995196342468262,0.11714386940002441,0.12068819999694824,0.12566709518432617
9900,0.019995927810668945,0.026304006576538086,0.02847886085510254,0.032118797302246094,0.03558802604675293,0.03928399085998535,0.044879913330078125,0.04610395431518555,0.04986405372619629,0.053462982177734375,0.05675196647644043,0.060501813888549805,0.07228803634643555,0.06815099716186523,0.07151389122009277,0.07543301582336426,0.0791780948638916,0.08457279205322266,0.0856480598449707,0.08899283409118652,0.09287190437316895,0.09595394134521484,0.10339784622192383,0.10379195213317871,0.10761404037475586,0.10997390747070312,0.11508297920227051,0.12319397926330566,0.12230801582336426,0.12419390678405762
